<?xml version="1.0" encoding="utf-8" ?><dwsync><file name="Detector.js" server="Macintosh HD/Library/WebServer/Documents/niklever.com/" local="3608350526" remote="3608350526" Dst="-1" /><file name="FBXLoader.js" server="Macintosh HD/Library/WebServer/Documents/niklever.com/" local="3619432817" remote="3619432817" Dst="-1" /><file name="inflate.min.js" server="Macintosh HD/Library/WebServer/Documents/niklever.com/" local="3608350538" remote="3608350538" Dst="-1" /><file name="OrbitControls.js" server="Macintosh HD/Library/WebServer/Documents/niklever.com/" local="3608350580" remote="3608350580" Dst="-1" /><file name="stats.min.js" server="Macintosh HD/Library/WebServer/Documents/niklever.com/" local="3608350621" remote="3608350621" Dst="-1" /><file name="CannonDebugRenderer.js" server="Macintosh HD/Library/WebServer/Documents/niklever.com/" local="3609215491" remote="3609215491" Dst="-1" /><file name="cannon.js" server="Macintosh HD/Library/WebServer/Documents/niklever.com/" local="3545071060" remote="3545071060" Dst="-1" /><file name="cannon.min.js" server="Macintosh HD/Library/WebServer/Documents/niklever.com/" local="3545071060" remote="3545071060" Dst="-1" /><file name="CannonDebugRenderer.js" server="46.32.240.13/public_html/" local="3609215491" remote="3609833040" Dst="-1" /><file name="stats.min.js" server="46.32.240.13/public_html/" local="3608350621" remote="3609833040" Dst="-1" /><file name="FBXLoader.js" server="46.32.240.13/public_html/" local="3619432817" remote="3619448760" Dst="-1" /><file name="inflate.min.js" server="46.32.240.13/public_html/" local="3608350538" remote="3609833040" Dst="-1" /><file name="OrbitControls.js" server="46.32.240.13/public_html/" local="3608350580" remote="3609833040" Dst="-1" /><file name="Detector.js" server="46.32.240.13/public_html/" local="3608350526" remote="3609833040" Dst="-1" /><file name="cannon.min.js" server="46.32.240.13/public_html/" local="3545071060" remote="3609833040" Dst="-1" /><file name="cannon.js" server="46.32.240.13/public_html/" local="3545071060" remote="3609833040" Dst="-1" /><file name="three.min.js" server="Macintosh HD/Library/WebServer/Documents/niklever.com/" local="3619429327" remote="3619429327" Dst="-1" /><file name="three.min.js" server="46.32.240.13/public_html/" local="3619429327" remote="3619448820" Dst="-1" /><file name="FBXLoader_09_09_18.js" server="Macintosh HD/Library/WebServer/Documents/niklever.com/" local="3619431723" remote="3619431723" Dst="-1" /></dwsync>